Ref,Val,Package,PosX,PosY,Rot,Side
"C1","1uF","C_0603_1608Metric",127.200000,-108.400000,-90.000000,top
"C2","100nF","C_0603_1608Metric",137.900000,-106.000000,0.000000,top
"C3","100nF","C_0603_1608Metric",138.000000,-100.600000,0.000000,top
"C4","100nF","C_0603_1608Metric",130.199999,-94.800000,90.000000,top
"C5","100nF","C_0603_1608Metric",125.600000,-100.800000,180.000000,top
"C6","100nF","C_0603_1608Metric",125.600000,-104.800000,180.000000,top
"C7","100nF","C_0603_1608Metric",131.800000,-113.400000,-90.000000,top
"C8","100nF","C_0603_1608Metric",130.199999,-113.400000,-90.000000,top
"C9","100nF","C_0603_1608Metric",125.600000,-108.400000,-90.000000,top
"C10","10uF","C_0805_2012Metric",124.900000,-97.400000,180.000000,top
"C11","1uF","C_0603_1608Metric",128.800000,-108.400000,-90.000000,top
"C12","100nF","C_0603_1608Metric",128.699999,-94.800000,90.000000,top
"C13","100nF","C_0603_1608Metric",133.400000,-113.400000,-90.000000,top
"C14","100nF","C_0603_1608Metric",146.600000,-108.800000,0.000000,top
"C15","15pF","C_0603_1608Metric",134.199999,-96.000000,0.000000,top
"C16","15pF","C_0603_1608Metric",139.000000,-91.400000,180.000000,top
"C17","1uF","C_0603_1608Metric",111.200000,-124.000000,90.000000,top
"C18","1uF","C_0603_1608Metric",118.800000,-124.000000,90.000000,top
"C19","100nF","C_0603_1608Metric",165.400000,-85.000000,90.000000,top
"C20","10nF","C_0603_1608Metric",165.400000,-89.600000,90.000000,top
"C21","10nF","C_0603_1608Metric",165.400000,-80.400000,90.000000,top
"C22","100nF","C_0603_1608Metric",165.400000,-115.000000,90.000000,top
"C23","10nF","C_0603_1608Metric",165.400000,-119.600000,90.000000,top
"C24","10nF","C_0603_1608Metric",165.400000,-110.400000,90.000000,top
"C25","100nF","C_0603_1608Metric",157.900000,-94.400000,90.000000,top
"C26","100nF","C_0603_1608Metric",159.500000,-94.400000,90.000000,top
"C27","1uF","C_0603_1608Metric",156.600000,-87.000000,90.000000,top
"C28","1uF","C_0603_1608Metric",163.400000,-87.000000,90.000000,top
"C29","100nF","C_0603_1608Metric",146.400000,-90.000000,-90.000000,top
"C30","10uF","C_0805_2012Metric",152.600000,-89.600000,90.000000,top
"D1","LED","LED_0805_2012Metric",104.000000,-103.000000,0.000000,top
"J1","USB_C_Receptacle_USB2.0_16P","USB_C_Receptacle_HRO_TYPE-C-31-M-12",103.400000,-114.000000,-90.000000,top
"J2","SWD","PinHeader_1x03_P2.54mm_Vertical",103.200000,-82.000000,0.000000,top
"J3","IN_A","TerminalBlock_bornier-2_P5.08mm",173.900000,-87.539999,90.000000,top
"J4","IN_B","TerminalBlock_bornier-2_P5.08mm",173.900000,-117.539999,90.000000,top
"J5","GND","TerminalBlock_bornier-2_P5.08mm",173.900000,-102.539999,90.000000,top
"J6","Micro_SD_Card","microSD_HC_Hirose_DM3AT-SF-PEJM5",145.000000,-78.800000,180.000000,top
"J7","OLED","PinHeader_1x04_P2.54mm_Vertical",110.500000,-74.600000,90.000000,top
"J8","UART","PinHeader_1x03_P2.54mm_Vertical",140.000000,-126.800000,90.000000,top
"R1","5.1k","R_0603_1608Metric",112.400000,-110.000000,0.000000,top
"R2","5.1k","R_0603_1608Metric",112.400000,-118.000000,0.000000,top
"R3","10k","R_0603_1608Metric",134.600000,-117.000000,0.000000,top
"R4","1k","R_0603_1608Metric",134.600000,-118.800000,0.000000,top
"R5","1k","R_0603_1608Metric",131.800000,-95.200000,90.000000,top
"R6","10k","R_0603_1608Metric",117.600000,-84.000000,90.000000,top
"R7","27R","R_0603_1608Metric",122.000000,-111.200000,0.000000,top
"R8","27R","R_0603_1608Metric",122.000000,-112.900000,0.000000,top
"R9","1k","R_0603_1608Metric",168.000000,-87.539999,180.000000,top
"R10","1k","R_0603_1608Metric",168.000000,-82.460000,180.000000,top
"R11","1k","R_0603_1608Metric",168.000000,-117.539999,180.000000,top
"R12","1k","R_0603_1608Metric",168.000000,-112.460000,180.000000,top
"R13","10k","R_0603_1608Metric",143.200000,-90.000000,90.000000,top
"R14","10k","R_0603_1608Metric",144.800000,-90.000000,90.000000,top
"R15","10k","R_0603_1608Metric",148.800000,-90.000000,90.000000,top
"R16","10k","R_0603_1608Metric",150.400000,-90.000000,90.000000,top
"R17","10k","R_0603_1608Metric",141.600000,-90.000000,90.000000,top
"R18","4.7k","R_0603_1608Metric",114.400000,-78.600000,90.000000,top
"R19","4.7k","R_0603_1608Metric",117.000000,-78.600000,90.000000,top
"R20","1k","R_0603_1608Metric",108.200000,-103.000000,0.000000,top
"SW1","BOOTSEL","SW_Push_1P1T_XKB_TS-1187A",129.000000,-125.400000,0.000000,top
"SW2","RESET","SW_Push_1P1T_XKB_TS-1187A",111.500000,-84.000000,0.000000,top
"U1","RP2040","QFN-56-1EP_7x7mm_P0.4mm_EP3.2x3.2mm",132.000000,-102.000000,180.000000,top
"U2","W25Q128JVS","SOIC-8_5.3x5.3mm_P1.27mm",141.500000,-113.000000,0.000000,top
"U3","AP2112K-3.3","SOT-23-5",115.000000,-124.000000,0.000000,top
"U4","ADS1220IPW","TSSOP-16_4.4x5mm_P0.65mm",159.000000,-100.000000,90.000000,top
"U5","TPS7A2033PDBV","SOT-23-5",160.000000,-87.000000,0.000000,top
"Y1","12MHz","Crystal_SMD_Abracon_ABM8G-4Pin_3.2x2.5mm",135.200000,-92.600000,0.000000,top
